Feature,Coefficient,AbsCoefficient,Direction,Modality
email::money,2.647767297210164,2.647767297210164,Phishing,Email
email::click,2.444940142523064,2.444940142523064,Phishing,Email
email::account,2.4381345063703597,2.4381345063703597,Phishing,Email
email::life,2.236977422847965,2.236977422847965,Phishing,Email
email::0300,2.1976699639364137,2.1976699639364137,Phishing,Email
email::love,2.0969472427336746,2.0969472427336746,Phishing,Email
email::net,1.8018520992584588,1.8018520992584588,Phishing,Email
email::watches,1.7248664050928275,1.7248664050928275,Phishing,Email
email::aug 2008,1.6853378812322712,1.6853378812322712,Phishing,Email
email::replica,1.60229177655154,1.60229177655154,Phishing,Email
email::bank,1.5979856266863375,1.5979856266863375,Phishing,Email
email::online,1.5818867936794216,1.5818867936794216,Phishing,Email
email::want,1.557726693602275,1.557726693602275,Phishing,Email
email::men,1.4794868954371185,1.4794868954371185,Phishing,Email
email::site,1.453616195553075,1.453616195553075,Phishing,Email
email::wrote,-4.454774331975305,4.454774331975305,Legitimate,Email
email::enron,-3.8343256727452366,3.8343256727452366,Legitimate,Email
email::thanks,-2.6934753229215773,2.6934753229215773,Legitimate,Email
email::list,-1.9804820451134741,1.9804820451134741,Legitimate,Email
email::attached,-1.9797533829853762,1.9797533829853762,Legitimate,Email
email::im,-1.9396055310976934,1.9396055310976934,Legitimate,Email
email::pm,-1.9223354875817857,1.9223354875817857,Legitimate,Email
email::university,-1.9107714491562178,1.9107714491562178,Legitimate,Email
email::file,-1.8683163845816602,1.8683163845816602,Legitimate,Email
email::2001,-1.785037584769922,1.785037584769922,Legitimate,Email
email::opensuse,-1.770630966761531,1.770630966761531,Legitimate,Email
email::perl,-1.7532308047480705,1.7532308047480705,Legitimate,Email
email::date,-1.7039080873813637,1.7039080873813637,Legitimate,Email
email::2000,-1.6761644790462884,1.6761644790462884,Legitimate,Email
email::2007,-1.631739417968347,1.631739417968347,Legitimate,Email
url_char::org,1.61602267038045,1.61602267038045,Phishing,URL
url_char::.org,1.5746142882089011,1.5746142882089011,Phishing,URL
url_char::.or,1.5570020789596726,1.5570020789596726,Phishing,URL
url_char::.de,1.0708860872785606,1.0708860872785606,Phishing,URL
url_char::.gov,0.9239977098156562,0.9239977098156562,Phishing,URL
url_char::.ca,0.8653764007696374,0.8653764007696374,Phishing,URL
url_char::.uk,0.8595455973656544,0.8595455973656544,Phishing,URL
url_char::ia.,0.8442322890289689,0.8442322890289689,Phishing,URL
url_char::.fr,0.8248406582279824,0.8248406582279824,Phishing,URL
url_char::gov,0.8248037060618116,0.8248037060618116,Phishing,URL
url_char::.nl,0.8038802108291211,0.8038802108291211,Phishing,URL
url_char::s.com,0.7509735171890133,0.7509735171890133,Phishing,URL
url_char::.ed,0.7319804189156027,0.7319804189156027,Phishing,URL
url_char::.edu,0.7319804189156027,0.7319804189156027,Phishing,URL
url_char::sto,0.6916426987912321,0.6916426987912321,Phishing,URL
url_char::com/,-2.839090208378383,2.839090208378383,Legitimate,URL
url_char::.com/,-2.839090208378383,2.839090208378383,Legitimate,URL
url_char::om/,-2.839090208378383,2.839090208378383,Legitimate,URL
url_char::.ga,-1.2786506298064306,1.2786506298064306,Legitimate,URL
url_char::.we,-1.2648822614204787,1.2648822614204787,Legitimate,URL
url_char::.cf,-1.1174899489045318,1.1174899489045318,Legitimate,URL
url_char::web,-1.02770976197638,1.02770976197638,Legitimate,URL
url_char::.to,-1.02410358907444,1.02410358907444,Legitimate,URL
url_char::.ml,-1.0095085013321399,1.0095085013321399,Legitimate,URL
url_char::.top,-0.9762454285934249,0.9762454285934249,Legitimate,URL
url_char::.web,-0.9299824542643537,0.9299824542643537,Legitimate,URL
url_char::co/,-0.9248536613587864,0.9248536613587864,Legitimate,URL
url_char::.li,-0.9099215867498023,0.9099215867498023,Legitimate,URL
url_char::htm,-0.8977749903750599,0.8977749903750599,Legitimate,URL
url_char::.co/,-0.8708469361509061,0.8708469361509061,Legitimate,URL
html_text::sign in,2.300605484123599,2.300605484123599,Phishing,Webpage
html_text::sign,1.8472160549386865,1.8472160549386865,Phishing,Webpage
html_text::banking,1.5807923759987967,1.5807923759987967,Phishing,Webpage
html_text::security,1.547030342230972,1.547030342230972,Phishing,Webpage
html_text::in to,1.5030997896799412,1.5030997896799412,Phishing,Webpage
html_text::paypal,1.502926670041386,1.502926670041386,Phishing,Webpage
html_text::id,1.2930636949003174,1.2930636949003174,Phishing,Webpage
html_text::credit,1.283739822547024,1.283739822547024,Phishing,Webpage
html_text::de,1.2676823982474603,1.2676823982474603,Phishing,Webpage
html_text::ログイン,1.2211938679263672,1.2211938679263672,Phishing,Webpage
html_text::card,1.1934009970834336,1.1934009970834336,Phishing,Webpage
html_text::steam,1.1785123771085992,1.1785123771085992,Phishing,Webpage
html_text::your account,1.110392973436543,1.110392973436543,Phishing,Webpage
html_text::para,1.047045084800851,1.047045084800851,Phishing,Webpage
html_text::warning,1.040255633049073,1.040255633049073,Phishing,Webpage
html_text::the,-2.37010378626574,2.37010378626574,Legitimate,Webpage
html_text::403 forbidden,-1.9648812586309656,1.9648812586309656,Legitimate,Webpage
html_text::forbidden,-1.9537898449527409,1.9537898449527409,Legitimate,Webpage
html_text::of,-1.9393949828105128,1.9393949828105128,Legitimate,Webpage
html_text::and,-1.8921030694587513,1.8921030694587513,Legitimate,Webpage
html_text::403,-1.8636720228706236,1.8636720228706236,Legitimate,Webpage
html_text::for,-1.7693882220092572,1.7693882220092572,Legitimate,Webpage
html_text::forbidden 403,-1.5869968163500605,1.5869968163500605,Legitimate,Webpage
html_text::to,-1.549741985708399,1.549741985708399,Legitimate,Webpage
html_text::new,-1.4476015574682874,1.4476015574682874,Legitimate,Webpage
html_text::are,-1.4228524487945904,1.4228524487945904,Legitimate,Webpage
html_text::from,-1.3773293930831176,1.3773293930831176,Legitimate,Webpage
html_text::reset,-1.367651505269134,1.367651505269134,Legitimate,Webpage
html_text::be,-1.3661335049502636,1.3661335049502636,Legitimate,Webpage
html_text::of the,-1.25242275080968,1.25242275080968,Legitimate,Webpage
